{
    "class_name": "PinholeCameraParameters",
    "extrinsic": [
        -0.15983467973894486,
        -0.059706563140297875,
        -0.9853364914945161,
        0.0,
        0.9853364914945161,
        -0.07002318951415057,
        -0.15559161757479995,
        0.0,
        -0.059706563140297875,
        -0.9957569378358551,
        0.07002318951415057,
        0.0,
        -0.35192238402731313,
        -0.35657793820919803,
        3.8777065204215586,
        1.0
    ],
    "intrinsic": {
        "height": 1200,
        "intrinsic_matrix": [
            3136.0,
            0.0,
            0.0,
            0.0,
            3136.0,
            0.0,
            800.0,
            600.0,
            1.0
        ],
        "width": 1600
    },
    "version_major": 1,
    "version_minor": 0
}